,Time,User,Message,Sentiment
0,0.0,49e01fb84aa94b5028a7588c2fa69da36a35b3e6,i won't lul a14e9946d0a85449a24e74c5c16014f02a01c3de ,0.07501839846372604
1,8.0,a14e9946d0a85449a24e74c5c16014f02a01c3de,lul lul ,0.0035323956981301308
2,8.0,c9032a20f53523872cf7c6b86df86fdb342aacc3,lol ,0.014838529750704765
3,73.0,c9032a20f53523872cf7c6b86df86fdb342aacc3,cb57bcc6ae874c2f67b49d062dc0739afdb363af whats your paddle setup ,0.0022010758984833956
4,297.0,c73d9a4625f9d71ed3b1b0a9826185d94d9a1050,unlurk ,0.057059161365032196
5,317.0,86d20d89733dae86360b4cfec49d95b97e1e7d09,thank you for following dewbs66 ,0.0007552829920314252
6,319.0,c9032a20f53523872cf7c6b86df86fdb342aacc3,fools think spinnin helps when in fact it does fuck all instead u could look around make sure nobody is sneaking up on your boy ,0.810464084148407
7,333.0,443170411279265312953696108a92ca178f1fc9,how can i play with you ,0.05254298076033592
8,348.0,86d20d89733dae86360b4cfec49d95b97e1e7d09,thank you for following blake_outplays ,0.014906884171068668
9,372.0,86d20d89733dae86360b4cfec49d95b97e1e7d09,mrs_lethaltriggr just subscribed with twitch prime ,0.001968860626220703
10,380.0,429c5261042ad4a55485ddd6061466473626bffe,1k ,0.0032533782068639994
11,393.0,6204e83706aae2bf469810e60a4624f206be7361,fivebyhype fivebyhype fivebyhype fivebyhype fivebyhype fivebyhype fivebyhype fivebyhype fivebyhype fivebyhype fivebyhype fivebyhype fivebyhype ,0.00016797003627289087
12,414.0,361cb0e8115b2545d5f8143741cf880b60307a75,kleriflove kleriflove kleriflove kleriflove kleriflove ,0.002601463347673416
13,448.0,361cb0e8115b2545d5f8143741cf880b60307a75,good night cutie sweety a14e9946d0a85449a24e74c5c16014f02a01c3de sweet dreams <3 ,0.00010065277456305921
14,544.0,6204e83706aae2bf469810e60a4624f206be7361,20 bomb ,0.0011808521812781692
15,549.0,49e01fb84aa94b5028a7588c2fa69da36a35b3e6,lol ,0.014838529750704765
16,558.0,429c5261042ad4a55485ddd6061466473626bffe,klerifyclutch klerifyclutch klerifyclutch klerifyclutch klerifyclutch klerifyclutch klerifyclutch klerifgg klerifgg klerifgg klerifgg ,0.0014002828393131495
17,560.0,6204e83706aae2bf469810e60a4624f206be7361,gg ,0.022410785779356956
18,561.0,acef21fd1ce07b7578d87941a336b2ce13709e93,klerifgg klerifgg klerifgg ,0.0063398745842278
19,563.0,49e01fb84aa94b5028a7588c2fa69da36a35b3e6,kleriflaser klerifgg kleriflaser klerifgg kleriflaser klerifgg kleriflaser klerifgg kleriflaser klerifgg kleriflaser klerifgg kleriflaser klerifgg kleriflaser klerifgg kleriflaser klerifgg kleriflaser klerifgg kleriflaser klerifgg kleriflaser klerifgg kleriflaser klerifgg kleriflaser klerifgg kleriflaser klerifgg kleriflaser klerifgg kleriflaser klerifgg kleriflaser klerifgg ,6.918019789736718e-05
20,568.0,48c2fff61ed4509f12b686db0c6bb3baca6547b2,klerifgg klerifgg klerifgg klerifgg klerifgg klerifgg klerifgg ,0.002039672341197729
21,584.0,cb57bcc6ae874c2f67b49d062dc0739afdb363af,kleriflove kleriflove kleriflove kleriflove kleriflove kleriflove kleriflove kleriflove kleriflove kleriflove ,0.0005176645354367793
22,584.0,cb57bcc6ae874c2f67b49d062dc0739afdb363af,kleriflove kleriflove kleriflove kleriflove kleriflove kleriflove kleriflove kleriflove kleriflove kleriflove ,0.0005176645354367793
23,585.0,cb57bcc6ae874c2f67b49d062dc0739afdb363af,kleriflove kleriflove kleriflove kleriflove kleriflove kleriflove kleriflove kleriflove kleriflove kleriflove ,0.0005176645354367793
24,589.0,86d20d89733dae86360b4cfec49d95b97e1e7d09,thank you for following poiltras ,0.001174437697045505
25,604.0,acef21fd1ce07b7578d87941a336b2ce13709e93,i'm great brooo how are you cb57bcc6ae874c2f67b49d062dc0739afdb363af ,0.0011713465210050344
26,659.0,cb57bcc6ae874c2f67b49d062dc0739afdb363af,wins ,0.00791398249566555
27,663.0,02b5ea99033cb0e6719815447f8a7d2dd404daa7,gg ,0.022410785779356956
28,664.0,443170411279265312953696108a92ca178f1fc9,oh your on xbox ,0.15033511817455292
29,664.0,49e01fb84aa94b5028a7588c2fa69da36a35b3e6,a very chill stream ,0.022443991154432297
30,665.0,acef21fd1ce07b7578d87941a336b2ce13709e93,that's great bro ,0.0009949010564014316
31,665.0,58eca9532f8b23be2cbdb0937ae10e3a05127f51,sup klerify good morning kleriflove kleriflove kleriflove kleriflove kleriflove ,0.0012710372684523463
32,666.0,86d20d89733dae86360b4cfec49d95b97e1e7d09,thank you for following jewzclewz ,0.0004171452601440251
33,673.0,cb57bcc6ae874c2f67b49d062dc0739afdb363af,editcom wins wins today: 7 ,0.0003149127878714353
34,682.0,e0f27c309adb7095a1c2dd00ae03f873a5ef24df,is the jet pack thing normal playlist or a limited time separate playlist ,0.22388160228729248
35,704.0,443170411279265312953696108a92ca178f1fc9,ohhh ok well i'm prestige 2 and a 3 1 kd ,0.03232337161898613
36,708.0,3180679442beac9e45f04ac9053f6001b7f055db,love your gameplay your snipes are cray ,0.001320079667493701
37,721.0,c9032a20f53523872cf7c6b86df86fdb342aacc3,cb57bcc6ae874c2f67b49d062dc0739afdb363af edit command with all your kills too broski in future cus u always have lots ,0.023608656600117683
38,734.0,c73d9a4625f9d71ed3b1b0a9826185d94d9a1050,cb57bcc6ae874c2f67b49d062dc0739afdb363af did you see that 170345901ff52698e718f93de7b7f9df6acc5a17 typed in chat earlier lookin for a squad ,0.004747428465634584
39,749.0,65f48a8acd45f9bddf7b607b87d32767be578200,c9032a20f53523872cf7c6b86df86fdb342aacc3 dude do you ever sleep ,0.03908170387148857
40,759.0,acef21fd1ce07b7578d87941a336b2ce13709e93,cb57bcc6ae874c2f67b49d062dc0739afdb363af it's good got my schedule figured out still getting comfortable at the new location that i'm gonna be picking up at but so far so good ,6.040028893039562e-05
41,767.0,86d20d89733dae86360b4cfec49d95b97e1e7d09,thank you for following twitch_mw3masta ,0.0014113095821812749
42,788.0,c9032a20f53523872cf7c6b86df86fdb342aacc3,65f48a8acd45f9bddf7b607b87d32767be578200 haha yeah woke up like 1 5 hours ago ,0.012746710330247879
43,789.0,c73d9a4625f9d71ed3b1b0a9826185d94d9a1050,tell ethan that gibbaay said get sims in there lol ,0.028765620663762093
44,823.0,6204e83706aae2bf469810e60a4624f206be7361,what's your highest kill game in this mode ,0.8640868663787842
45,827.0,77c7017616e91eca53c1b741722713f60ca9ed9f,is blackout good ,0.002223326824605465
46,838.0,02b5ea99033cb0e6719815447f8a7d2dd404daa7,cb57bcc6ae874c2f67b49d062dc0739afdb363af i would love to run with you someday and learn some tips and shit on how to get better my psn is hand-_-banana4u ,0.018523359671235085
47,839.0,acef21fd1ce07b7578d87941a336b2ce13709e93,cb57bcc6ae874c2f67b49d062dc0739afdb363af absolutely ,0.0037277103401720524
48,846.0,65f48a8acd45f9bddf7b607b87d32767be578200,c9032a20f53523872cf7c6b86df86fdb342aacc3 lol i hear ya just waking up myself ,0.03687477856874466
49,891.0,c9032a20f53523872cf7c6b86df86fdb342aacc3,65f48a8acd45f9bddf7b607b87d32767be578200 had a bit of a fender bender on the highway last week soo still hurtin a bit so everything is messed up a little ,0.04593350738286972
50,965.0,6204e83706aae2bf469810e60a4624f206be7361,beaming ,0.08462581783533096
51,968.0,c73d9a4625f9d71ed3b1b0a9826185d94d9a1050,lmao smash up derby has been cancelled today folks ,0.1979537308216095
52,983.0,86d20d89733dae86360b4cfec49d95b97e1e7d09,thank you for following handbanana4ugaming ,0.00030520616564899683
53,1026.0,632f2494943b0a85e27e3ff0f1a705402eb225e6,lets go fat host ,0.6448400616645813
54,1036.0,443170411279265312953696108a92ca178f1fc9,alright for sure glad to sub soon but i followed ,0.02981315366923809
55,1055.0,86d20d89733dae86360b4cfec49d95b97e1e7d09,mightymartin256 just gifted 1 tier 1 subscriptions ,0.028238097205758095
56,1065.0,c73d9a4625f9d71ed3b1b0a9826185d94d9a1050,kleriflove kleriflove kleriflove kleriflove kleriflove kleriflove kleriflove kleriflove ,0.0010352865792810917
57,1069.0,6204e83706aae2bf469810e60a4624f206be7361,fivebyhype fivebyhype fivebyhype fivebyhype fivebyhype fivebyhype fivebyhype fivebyhype fivebyhype fivebyhype fivebyhype fivebyhype ,0.0001798107841750607
58,1104.0,361cb0e8115b2545d5f8143741cf880b60307a75,kleriflove kleriflove kleriflove kleriflove kleriflove ,0.002601463347673416
59,1125.0,6204e83706aae2bf469810e60a4624f206be7361,nasty shot kler ,0.985721230506897
60,1149.0,cb57bcc6ae874c2f67b49d062dc0739afdb363af,kleriflove kleriflove kleriflove kleriflove kleriflove kleriflove kleriflove kleriflove kleriflove kleriflove ,0.0005176645354367793
61,1150.0,cb57bcc6ae874c2f67b49d062dc0739afdb363af,kleriflove kleriflove kleriflove kleriflove kleriflove kleriflove kleriflove kleriflove kleriflove kleriflove ,0.0005176645354367793
62,1155.0,76670f9de6f469e3e238dd661999c4b0bb5ec3da,formalv20subhype ,0.1341782510280609
63,1156.0,cb57bcc6ae874c2f67b49d062dc0739afdb363af,kleriflove kleriflove kleriflove kleriflove kleriflove kleriflove kleriflove kleriflove kleriflove kleriflove ,0.0005176645354367793
64,1157.0,cb57bcc6ae874c2f67b49d062dc0739afdb363af,kleriflove kleriflove kleriflove kleriflove kleriflove kleriflove kleriflove kleriflove kleriflove kleriflove ,0.0005176645354367793
65,1157.0,cb57bcc6ae874c2f67b49d062dc0739afdb363af,kleriflove kleriflove kleriflove kleriflove kleriflove kleriflove kleriflove kleriflove kleriflove kleriflove ,0.0005176645354367793
66,1164.0,6204e83706aae2bf469810e60a4624f206be7361,fivebyhype fivebyhype fivebyhype fivebyhype fivebyhype fivebyhype fivebyhype fivebyhype fivebyhype fivebyhype fivebyhype fivebyhype fivebyhype ,0.00016797003627289087
67,1168.0,c73d9a4625f9d71ed3b1b0a9826185d94d9a1050,kleriflove kleriflove kleriflove ,0.003451391588896513
68,1173.0,86d20d89733dae86360b4cfec49d95b97e1e7d09,thank you for following sender_landry ,0.000589218398090452
69,1187.0,6204e83706aae2bf469810e60a4624f206be7361,im subbing tomorrow kler fivebyontio2 fivebyontio2 ,0.006390323396772146
70,1205.0,64dd67a0e93a5f7dc257b9e6549d14a6876f41f5,how long have you been streaming cb57bcc6ae874c2f67b49d062dc0739afdb363af ,0.010242575779557228
71,1206.0,6204e83706aae2bf469810e60a4624f206be7361,and more pofflove pofflove pofflove ,0.06527995318174362
72,1288.0,c73d9a4625f9d71ed3b1b0a9826185d94d9a1050,uptime ,0.022627411410212517
73,1313.0,6204e83706aae2bf469810e60a4624f206be7361,i wanted to subbb thanks fr tho poffhype pofflove ,0.044023774564266205
74,1348.0,6204e83706aae2bf469810e60a4624f206be7361,kleriflove kleriflove kleriflove kleriflove kleriflove kleriflove ,0.0010897108586505055
75,1348.0,faa1c722e30de36473fdc5d4a7fc98e48158d1b5,kleriflaser kleriflaser kleriflaser kleriflaser ,0.15055732429027557
76,1391.0,86d20d89733dae86360b4cfec49d95b97e1e7d09,thank you for following stealth_1223 ,0.0002982372825499624
77,1400.0,cb57bcc6ae874c2f67b49d062dc0739afdb363af,kleriflove kleriflove kleriflove kleriflove kleriflove kleriflove kleriflove kleriflove kleriflove kleriflove ,0.0005176645354367793
78,1400.0,cb57bcc6ae874c2f67b49d062dc0739afdb363af,kleriflove kleriflove kleriflove kleriflove kleriflove kleriflove kleriflove kleriflove kleriflove kleriflove ,0.0005176645354367793
79,1409.0,c73d9a4625f9d71ed3b1b0a9826185d94d9a1050,6204e83706aae2bf469810e60a4624f206be7361 i know u would my man just a lil love your way now u can drop it on them bitties tomorrow instead:) much love my guy kleriflove ,0.00038043715176172554
80,1410.0,6204e83706aae2bf469810e60a4624f206be7361,kleriflove kleriflove kleriflove kleriflove kleriflove kleriflove kleriflove kleriflove kleriflove kleriflove kleriflove kleriflove kleriflove kleriflove kleriflove kleriflove kleriflove kleriflove kleriflove kleriflove kleriflove ,0.00018561308388598263
81,1453.0,15572a9e4dff31c302f908678c8e39346007e1d3,have you ever actually died lmao ,0.3722672462463379
82,1454.0,6204e83706aae2bf469810e60a4624f206be7361,you know it brotha kleriflove kleriflove definitely will pay it forward klerifyclutch kleriflove ,0.13381759822368622
83,1470.0,c73d9a4625f9d71ed3b1b0a9826185d94d9a1050,^ love to see it kleriflove ,0.0055979047901928425
84,1482.0,6204e83706aae2bf469810e60a4624f206be7361,c73d9a4625f9d71ed3b1b0a9826185d94d9a1050 ,0.0018726044800132513
85,1487.0,6204e83706aae2bf469810e60a4624f206be7361,kleriflove kleriflove kleriflove kleriflove kleriflove ,0.002601463347673416
86,1511.0,6204e83706aae2bf469810e60a4624f206be7361,6 months kler kleriflove ,0.044009674340486526
87,1558.0,c73d9a4625f9d71ed3b1b0a9826185d94d9a1050,6204e83706aae2bf469810e60a4624f206be7361 i think if you log into the desktop version u can share the 6 month anniversary :) ,0.0014800892677158117
88,1661.0,6204e83706aae2bf469810e60a4624f206be7361,i tried biblethump c73d9a4625f9d71ed3b1b0a9826185d94d9a1050 ,0.006342872977256775
89,1684.0,cb57bcc6ae874c2f67b49d062dc0739afdb363af,editcom wins wins today: 8 ,0.0002958431141451001
90,1694.0,6204e83706aae2bf469810e60a4624f206be7361,klerifgg klerifgg klerifgg klerifgg klerifgg klerifgg klerifgg klerifgg klerifgg ,0.001490990282036364
91,1704.0,c39139ec4198dc8fa8a3741419535788009165ad,lmao he said he got 30 kills ,0.3756859004497528
92,1714.0,c73d9a4625f9d71ed3b1b0a9826185d94d9a1050,usually comes up near the bottom to share refresh maybe usually works for me hmm ,0.1484287977218628
93,1723.0,c9ce08482196ab7282b8218cfd3d1b14b0717f94,hoi ,0.018800312653183937
94,1723.0,c73d9a4625f9d71ed3b1b0a9826185d94d9a1050,klerifgg klerifgg ,0.015833532437682152
95,1762.0,547884bbbb23b690e93c8f446ce3a06a20e10c89,c39139ec4198dc8fa8a3741419535788009165ad and he did ,0.0021714670583605766
96,1828.0,c39139ec4198dc8fa8a3741419535788009165ad,i know it jus that me laughin how o boy was shocked 547884bbbb23b690e93c8f446ce3a06a20e10c89 ,0.04387328401207924
97,1836.0,c73d9a4625f9d71ed3b1b0a9826185d94d9a1050,i'm pumped for this squad let's get it ,0.032279014587402344
98,1839.0,02b5ea99033cb0e6719815447f8a7d2dd404daa7,aall good brotha how are you today ,0.034523092210292816
99,1862.0,49e01fb84aa94b5028a7588c2fa69da36a35b3e6,i hate it cb57bcc6ae874c2f67b49d062dc0739afdb363af ,0.9967189431190491
100,1875.0,49e01fb84aa94b5028a7588c2fa69da36a35b3e6,lmao ,0.010383806191384792
101,1894.0,c73d9a4625f9d71ed3b1b0a9826185d94d9a1050,toes sperosfeet sperosfeet ,0.17513969540596008
102,1901.0,c73d9a4625f9d71ed3b1b0a9826185d94d9a1050,lmao ,0.010383806191384792
103,1913.0,c73d9a4625f9d71ed3b1b0a9826185d94d9a1050,dang it's gone lol ,0.1284637749195099
104,1923.0,49e01fb84aa94b5028a7588c2fa69da36a35b3e6,i'm triggered ,0.7842011451721191
105,2068.0,86d20d89733dae86360b4cfec49d95b97e1e7d09,glibcaesar just gifted 3 tier 1 subscriptions ,0.33117854595184326
106,2087.0,c73d9a4625f9d71ed3b1b0a9826185d94d9a1050,kleriflove kleriflove kleriflove kleriflove ,0.005174159072339535
107,2089.0,6204e83706aae2bf469810e60a4624f206be7361,klerifgg klerifyclutch kleriflove kleriflove kleriflove kleriflove kleriflove kleriflove kleriflove kleriflove kleriflove kleriflove kleriflove kleriflove kleriflove kleriflove kleriflove ,0.00019347209308762103
108,2096.0,6204e83706aae2bf469810e60a4624f206be7361,poffhype poffhype poffhype poffhype poffhype poffhype poffhype poffhype poffhype poffhype poffhype ,0.0006784849683754146
109,2096.0,49e01fb84aa94b5028a7588c2fa69da36a35b3e6,out for blood ,0.4683401882648468
110,2101.0,cb57bcc6ae874c2f67b49d062dc0739afdb363af,kleriflove kleriflove kleriflove kleriflove kleriflove kleriflove kleriflove kleriflove kleriflove kleriflove ,0.0005176645354367793
111,2102.0,cb57bcc6ae874c2f67b49d062dc0739afdb363af,kleriflove kleriflove kleriflove kleriflove kleriflove kleriflove kleriflove kleriflove kleriflove kleriflove ,0.0005176645354367793
112,2103.0,cb57bcc6ae874c2f67b49d062dc0739afdb363af,kleriflove kleriflove kleriflove kleriflove kleriflove kleriflove kleriflove kleriflove kleriflove kleriflove ,0.0005176645354367793
113,2103.0,6204e83706aae2bf469810e60a4624f206be7361,kleriflove kleriflove kleriflove kleriflove kleriflove kleriflove kleriflove kleriflove kleriflove kleriflove kleriflove kleriflove kleriflove kleriflove kleriflove kleriflove kleriflove kleriflove ,0.000222693124669604
114,2109.0,6204e83706aae2bf469810e60a4624f206be7361,kleriflove kleriflove kleriflove kleriflove kleriflove kleriflove kleriflove kleriflove kleriflove kleriflove kleriflove kleriflove kleriflove kleriflove kleriflove ,0.0002023167908191681
115,2109.0,86d20d89733dae86360b4cfec49d95b97e1e7d09,thank you for following bwblaize ,0.0007060694042593241
116,2131.0,361cb0e8115b2545d5f8143741cf880b60307a75,kleriflove kleriflove kleriflove kleriflove kleriflove ,0.002601463347673416
117,2133.0,c73d9a4625f9d71ed3b1b0a9826185d94d9a1050,u know i love it in here kler :) kleriflove xletha1muchlove kleriflove xletha1muchlove ,0.00010600710811559111
118,2155.0,86d20d89733dae86360b4cfec49d95b97e1e7d09,twannieone just gifted 1 tier 1 subscriptions ,0.18572112917900085
119,2171.0,6204e83706aae2bf469810e60a4624f206be7361,kleriflove kleriflove kleriflove kleriflove kleriflove kleriflove kleriflove kleriflove kleriflove kleriflove kleriflove kleriflove kleriflove kleriflove kleriflove kleriflove kleriflove kleriflove kleriflove kleriflove kleriflove ,0.00018561308388598263
120,2186.0,c73d9a4625f9d71ed3b1b0a9826185d94d9a1050,besides i had to get past those twannieone subs ; hit that 25 haha ,0.06293132901191711
121,2196.0,c73d9a4625f9d71ed3b1b0a9826185d94d9a1050,kleriflove kleriflove ,0.013976480811834335
122,2221.0,86d20d89733dae86360b4cfec49d95b97e1e7d09,twannieone just gifted 5 tier 1 subscriptions ,0.09580980241298676
123,2228.0,6204e83706aae2bf469810e60a4624f206be7361,followage ,0.00018791196634992957
124,2230.0,361cb0e8115b2545d5f8143741cf880b60307a75,pffff ; ,0.04491386190056801
125,2233.0,c73d9a4625f9d71ed3b1b0a9826185d94d9a1050,bam ,0.06400521099567413
126,2239.0,86d20d89733dae86360b4cfec49d95b97e1e7d09,thank you for following dandizz ,0.0005660240422002971
127,2243.0,6204e83706aae2bf469810e60a4624f206be7361,klerifgg kleriflove kleriflove kleriflove kleriflove kleriflove kleriflove kleriflove kleriflove kleriflove kleriflove kleriflove kleriflove kleriflove kleriflove ,0.00019005370268132538
128,2245.0,830131e301f0d4d7f610e7f2c48dba7f787bb222,361cb0e8115b2545d5f8143741cf880b60307a75 thanks for the gift sub ,0.0024476912803947926
129,2249.0,cb57bcc6ae874c2f67b49d062dc0739afdb363af,kleriflove kleriflove kleriflove kleriflove kleriflove kleriflove kleriflove kleriflove kleriflove kleriflove ,0.0005176645354367793
130,2249.0,361cb0e8115b2545d5f8143741cf880b60307a75,; ,0.038522977381944656
131,2249.0,cb57bcc6ae874c2f67b49d062dc0739afdb363af,kleriflove kleriflove kleriflove kleriflove kleriflove kleriflove kleriflove kleriflove kleriflove kleriflove ,0.0005176645354367793
132,2250.0,cb57bcc6ae874c2f67b49d062dc0739afdb363af,kleriflove kleriflove kleriflove kleriflove kleriflove kleriflove kleriflove kleriflove kleriflove kleriflove ,0.0005176645354367793
133,2260.0,6204e83706aae2bf469810e60a4624f206be7361,kleriflove kleriflove kleriflove kleriflove kleriflove kleriflove kleriflove kleriflove kleriflove kleriflove kleriflove kleriflove kleriflove kleriflove kleriflove kleriflove kleriflove kleriflove kleriflove kleriflove kleriflove kleriflove kleriflove kleriflove kleriflove kleriflove kleriflove kleriflove kleriflove kleriflove kleriflove ,0.00012625029194168746
134,2264.0,2fd04250b19ff9f2f64a510ec3fe35547c4d3778,is this game worth a buy ,0.0008613349637016654
135,2265.0,361cb0e8115b2545d5f8143741cf880b60307a75,<----- went for the different colour c73d9a4625f9d71ed3b1b0a9826185d94d9a1050 ; ,0.04555024951696396
136,2267.0,86d20d89733dae86360b4cfec49d95b97e1e7d09,thank you for following chillson13 ,0.0009730805177241564
137,2272.0,86d20d89733dae86360b4cfec49d95b97e1e7d09,thank you for following abolfazl3699 ,0.0005353948217816651
138,2274.0,c73d9a4625f9d71ed3b1b0a9826185d94d9a1050,361cb0e8115b2545d5f8143741cf880b60307a75 u know i got mad love 4 u my man this guy gave me my first ever gifted sub on twitch fyi kleriflove ,0.0023252847604453564
139,2280.0,2fd04250b19ff9f2f64a510ec3fe35547c4d3778,i already preordered modern warfare im thinking to buy this game but im unsure ,0.6047950983047485
140,2284.0,6204e83706aae2bf469810e60a4624f206be7361,followage ,0.00018791196634992957
141,2294.0,361cb0e8115b2545d5f8143741cf880b60307a75,i did that for a lot of people c73d9a4625f9d71ed3b1b0a9826185d94d9a1050 ; ,0.01846560277044773
142,2298.0,6204e83706aae2bf469810e60a4624f206be7361,klerifyclutch klerifyclutch klerifyclutch klerifyclutch ,0.029038742184638977
143,2309.0,6204e83706aae2bf469810e60a4624f206be7361,it is ,0.03383607417345047
144,2325.0,c73d9a4625f9d71ed3b1b0a9826185d94d9a1050,361cb0e8115b2545d5f8143741cf880b60307a75 modern day super-hero my man kleriflove ,0.006348502356559038
145,2348.0,361cb0e8115b2545d5f8143741cf880b60307a75,in total i have over 500 gifted i think i'm crazy ; ,0.048602670431137085
146,2360.0,86d20d89733dae86360b4cfec49d95b97e1e7d09,thank you for following xxchrisargentxx ,0.00014592616935260594
147,2373.0,d09a7ffacecda04fcaeaf886bd69146cae486bbb,poffchoochoo ,0.06328875571489334
148,2379.0,6204e83706aae2bf469810e60a4624f206be7361,poffthomas poffthomas poffthomas poffthomas ralliedconductor ralliedconductor ralliedconductor ralliedconductor ,0.0004227861645631492
149,2388.0,2fd04250b19ff9f2f64a510ec3fe35547c4d3778,i need to wait another month for new cod and nothing to play :/ ,0.994986891746521
150,2390.0,fef88ec1b9a377e7d23d53bd4f0d3f052824dfe9,guys why game looks like borderlands ,0.5631206631660461
151,2397.0,49e01fb84aa94b5028a7588c2fa69da36a35b3e6,how do u always get a tank ,0.27907809615135193
152,2402.0,6204e83706aae2bf469810e60a4624f206be7361,its comic theme ,0.014508572407066822
153,2407.0,c73d9a4625f9d71ed3b1b0a9826185d94d9a1050,361cb0e8115b2545d5f8143741cf880b60307a75 u wild 4 that :) poffhype ,0.0020061805844306946
154,2439.0,c9032a20f53523872cf7c6b86df86fdb342aacc3,49e01fb84aa94b5028a7588c2fa69da36a35b3e6 cus he lazy and running is overrated ,0.30138981342315674
155,2445.0,49e01fb84aa94b5028a7588c2fa69da36a35b3e6,^ ,0.029009604826569557
156,2451.0,54844f145577fee11e0da18cecd593adda63ac68,hey cb57bcc6ae874c2f67b49d062dc0739afdb363af ,0.003844698891043663
157,2465.0,6204e83706aae2bf469810e60a4624f206be7361,nickbu2butterslove nickbu2butterslove nickbu2butterslove nickbu2butterslove nickbu2butterslove ,0.001171688549220562
158,2488.0,c73d9a4625f9d71ed3b1b0a9826185d94d9a1050,nickbu2butterslove nickbu2butterslove nickbu2butterslove ,0.00153058220166713
159,2500.0,361cb0e8115b2545d5f8143741cf880b60307a75,subtrain b8291fef53ca3828808c93d586d14dd8cb17ef89 killed me c73d9a4625f9d71ed3b1b0a9826185d94d9a1050 ; 25% was from me total was 593 ; ,0.07744581997394562
160,2513.0,d09a7ffacecda04fcaeaf886bd69146cae486bbb,pofflobby ,0.9370592832565308
161,2522.0,361cb0e8115b2545d5f8143741cf880b60307a75,that is my wife killed me c73d9a4625f9d71ed3b1b0a9826185d94d9a1050 ; ,0.7283067107200623
162,2556.0,c73d9a4625f9d71ed3b1b0a9826185d94d9a1050,361cb0e8115b2545d5f8143741cf880b60307a75 i remember that day well i think gustaf took some mad heat too lol ,0.031738653779029846
163,2557.0,54844f145577fee11e0da18cecd593adda63ac68,morning 6204e83706aae2bf469810e60a4624f206be7361 & c73d9a4625f9d71ed3b1b0a9826185d94d9a1050 nickbu2butterslove nickbu2butterslove nickbu2butterslove nickbu2butterslove ,0.00040883204201236367
164,2565.0,798c0964080df65bbfacf3c7dc64b493a5803ab9,lul lul ,0.0035323956981301308
165,2568.0,49e01fb84aa94b5028a7588c2fa69da36a35b3e6,i probably won't be able to start streaming till after december ,0.8686816692352295
166,2584.0,361cb0e8115b2545d5f8143741cf880b60307a75,how come nia ,0.15519650280475616
167,2612.0,49e01fb84aa94b5028a7588c2fa69da36a35b3e6,bc the place i was gonna work at told me i have to be 21 and i wanted to get a capture card first ,0.18931804597377777
168,2619.0,c73d9a4625f9d71ed3b1b0a9826185d94d9a1050,santa's bringing the setup :) ^ ,0.004380583297461271
169,2657.0,361cb0e8115b2545d5f8143741cf880b60307a75,how young are you nia ,0.17276620864868164
170,2679.0,49e01fb84aa94b5028a7588c2fa69da36a35b3e6,i'm 19 apparently they thought i was 20 turning 21 not 19 turning 20 ,0.1836928278207779
171,2691.0,361cb0e8115b2545d5f8143741cf880b60307a75,lol 49e01fb84aa94b5028a7588c2fa69da36a35b3e6 ; ,0.004161569755524397
172,2710.0,49e01fb84aa94b5028a7588c2fa69da36a35b3e6,lol it's sucks a lot ,0.9591448307037354
173,2726.0,c73d9a4625f9d71ed3b1b0a9826185d94d9a1050,49e01fb84aa94b5028a7588c2fa69da36a35b3e6 that's a crappy deal fr ,0.9751603007316589
174,2733.0,c73d9a4625f9d71ed3b1b0a9826185d94d9a1050,kleriflove kleriflove ,0.013976480811834335
175,2750.0,49e01fb84aa94b5028a7588c2fa69da36a35b3e6,is all good i can find somewhere else to work for the time being ,0.033116478472948074
176,2761.0,14a2847794ae8afe7d52128748c67d7c7e57b890,cb57bcc6ae874c2f67b49d062dc0739afdb363af which gun do recommend unlocking eith you unlock tokens ,0.0342133529484272
177,2793.0,49e01fb84aa94b5028a7588c2fa69da36a35b3e6,maddox saug ,0.9583272337913513
178,2797.0,49e01fb84aa94b5028a7588c2fa69da36a35b3e6,one of those for me ,0.005192349664866924
179,2803.0,c73d9a4625f9d71ed3b1b0a9826185d94d9a1050,unlock tokens this new ,0.017090976238250732
180,2805.0,6204e83706aae2bf469810e60a4624f206be7361,klerifgg klerifgg ,0.015833532437682152
181,2810.0,c73d9a4625f9d71ed3b1b0a9826185d94d9a1050,klerifgg klerifgg ,0.015833532437682152
182,2815.0,54844f145577fee11e0da18cecd593adda63ac68,klerifgg klerifgg ,0.015833532437682152
183,2818.0,14a2847794ae8afe7d52128748c67d7c7e57b890,yeah i asked like 3 people they said maddox and i was thinking maddox too thx ,0.13731864094734192
184,2847.0,c73d9a4625f9d71ed3b1b0a9826185d94d9a1050,ahhhhhh multiplayer i gotcha maddox for sure 14a2847794ae8afe7d52128748c67d7c7e57b890 ,0.0113457553088665
185,2910.0,fc4a64afd9f35da4c34852ad575bea8686ee052e,i'm off work and ready for sleep hope you had a great night bro klerifgg ,0.06870695948600769
186,2922.0,c73d9a4625f9d71ed3b1b0a9826185d94d9a1050,cordite belt-feed op mod is dope af ,0.122644804418087
187,2966.0,c73d9a4625f9d71ed3b1b0a9826185d94d9a1050,yesss sirrrr ,0.013042558915913105
188,2991.0,c73d9a4625f9d71ed3b1b0a9826185d94d9a1050,vkm 750 far barrel op mod yah ,0.020261701196432114
189,2997.0,c73d9a4625f9d71ed3b1b0a9826185d94d9a1050,fat* ,0.9632782936096191
190,3030.0,6204e83706aae2bf469810e60a4624f206be7361,you ever look into getting a mute peddle cb57bcc6ae874c2f67b49d062dc0739afdb363af ,0.03189001977443695
191,3040.0,c73d9a4625f9d71ed3b1b0a9826185d94d9a1050,14a2847794ae8afe7d52128748c67d7c7e57b890 the op mod for the saugs are dual-wield if you're into that as well ,0.05859486758708954
192,3055.0,798c0964080df65bbfacf3c7dc64b493a5803ab9,eliteshot in the house ouu ,0.059072960168123245
193,3143.0,c73d9a4625f9d71ed3b1b0a9826185d94d9a1050,siimssyy finishing moved eliteshot lmao ,0.05307465046644211
194,3216.0,c73d9a4625f9d71ed3b1b0a9826185d94d9a1050,subcount ,0.08126702904701233
195,3246.0,c73d9a4625f9d71ed3b1b0a9826185d94d9a1050,can we get this man to 900 subs chat 2 off kleriflove kleriflove ,0.0029219628777354956
196,3263.0,361cb0e8115b2545d5f8143741cf880b60307a75,i'm done c73d9a4625f9d71ed3b1b0a9826185d94d9a1050 ; ,0.005191010423004627
197,3283.0,86d20d89733dae86360b4cfec49d95b97e1e7d09,twannieone just gifted 2 tier 1 subscriptions ,0.17632563412189484
198,3288.0,86d20d89733dae86360b4cfec49d95b97e1e7d09,nickbutters just gifted 1 tier 1 subscriptions ,0.06913676857948303
199,3289.0,361cb0e8115b2545d5f8143741cf880b60307a75,ok the last 2 ; ,0.07399237155914307
200,3300.0,86d20d89733dae86360b4cfec49d95b97e1e7d09,nickbutters just gifted 1 tier 1 subscriptions ,0.06913676857948303
201,3301.0,c73d9a4625f9d71ed3b1b0a9826185d94d9a1050,361cb0e8115b2545d5f8143741cf880b60307a75 54844f145577fee11e0da18cecd593adda63ac68 kleriflove poffhype kleriflove poffhype kleriflove poffhype kleriflove poffhype ,0.0005845470004715025
202,3313.0,361cb0e8115b2545d5f8143741cf880b60307a75,kleriflove kleriflove kleriflove kleriflove kleriflove kleriflove ,0.0010897108586505055
203,3313.0,14a2847794ae8afe7d52128748c67d7c7e57b890,formalv20subhype ,0.1341782510280609
204,3314.0,cb57bcc6ae874c2f67b49d062dc0739afdb363af,kleriflove kleriflove kleriflove kleriflove kleriflove kleriflove kleriflove kleriflove kleriflove kleriflove ,0.0005176645354367793
205,3314.0,cb57bcc6ae874c2f67b49d062dc0739afdb363af,kleriflove kleriflove kleriflove kleriflove kleriflove kleriflove kleriflove kleriflove kleriflove kleriflove ,0.0005176645354367793
206,3315.0,cb57bcc6ae874c2f67b49d062dc0739afdb363af,kleriflove kleriflove kleriflove kleriflove kleriflove kleriflove kleriflove kleriflove kleriflove kleriflove ,0.0005176645354367793
207,3316.0,cb57bcc6ae874c2f67b49d062dc0739afdb363af,kleriflove kleriflove kleriflove kleriflove kleriflove kleriflove kleriflove kleriflove kleriflove kleriflove ,0.0005176645354367793
208,3319.0,6204e83706aae2bf469810e60a4624f206be7361,kleriflove kleriflove kleriflove kleriflove kleriflove kleriflove kleriflove kleriflove kleriflove kleriflove kleriflove kleriflove kleriflove kleriflove kleriflove kleriflove kleriflove kleriflove kleriflove kleriflove kleriflove kleriflove kleriflove kleriflove kleriflove kleriflove kleriflove kleriflove ,0.00014682170876767486
209,3320.0,361cb0e8115b2545d5f8143741cf880b60307a75,subcount ,0.08126702904701233
210,3332.0,92484b27cf2a13ee7d379cde21b48e306d66cda7,good morning cb57bcc6ae874c2f67b49d062dc0739afdb363af ,0.0021489018108695745
211,3338.0,361cb0e8115b2545d5f8143741cf880b60307a75,subs ,0.011623979546129704
212,3340.0,fecb2a3c3cd0dae513345eb694d742fd82d0286a,kleriflove kleriflove kleriflove kleriflove kleriflove kleriflove kleriflove kleriflove kleriflove kleriflove kleriflove kleriflove kleriflove kleriflove kleriflove kleriflove ,0.0001366518554277718
213,3389.0,c73d9a4625f9d71ed3b1b0a9826185d94d9a1050,you guys are truly awesome guys kleriflove kleriflove poffhype poffhype nickbu2butterslove nickbu2butterslove nightm84lit nightm84lit ,0.0008973017102107406
214,3417.0,49e01fb84aa94b5028a7588c2fa69da36a35b3e6,cb57bcc6ae874c2f67b49d062dc0739afdb363af how much longer u gonna be on for bud ,0.021226681768894196
215,3427.0,54844f145577fee11e0da18cecd593adda63ac68,kleriflove kleriflove kleriflove kleriflove kleriflove nickbu2butterslove nickbu2butterslove nickbu2butterslove nickbu2butterslove nickbu2butterslove ,0.0002573915116954595
216,3453.0,c73d9a4625f9d71ed3b1b0a9826185d94d9a1050,the finesse though dang ,0.022768940776586533
217,3534.0,49e01fb84aa94b5028a7588c2fa69da36a35b3e6,cb57bcc6ae874c2f67b49d062dc0739afdb363af everyoens going to twitchcon huh taytay and sean ,0.13026030361652374
218,3599.0,86d20d89733dae86360b4cfec49d95b97e1e7d09,glibcaesar just gifted 1 tier 1 subscriptions ,0.33401021361351013
219,3617.0,6204e83706aae2bf469810e60a4624f206be7361,kleriflove kleriflove kleriflove kleriflove klerifyclutch klerifyclutch klerifyclutch klerifyclutch klerifyclutch klerifyclutch klerifyclutch klerifyclutch klerifyclutch klerifyclutch klerifyclutch ,0.0007137106731534004
220,3633.0,361cb0e8115b2545d5f8143741cf880b60307a75,kleriflove kleriflove kleriflove kleriflove kleriflove kleriflove ,0.0010897108586505055
221,3655.0,184b1c5317b4ae150cea6bd2e148bf2b1499a2ff,sup ,0.059449341148138046
222,3665.0,184b1c5317b4ae150cea6bd2e148bf2b1499a2ff,babyrage babyrage babyrage babyrage babyrage babyrage babyrage babyrage babyrage babyrage babyrage babyrage babyrage babyrage babyrage babyrage babyrage babyrage babyrage babyrage babyrage babyrage babyrage babyrage babyrage babyrage ,0.028974896296858788
223,3756.0,c73d9a4625f9d71ed3b1b0a9826185d94d9a1050,crocked ,0.9973676800727844
224,3888.0,6204e83706aae2bf469810e60a4624f206be7361,klerifgg klerifgg klerifgg klerifgg klerifgg klerifgg ,0.007714566774666309
225,3895.0,86d20d89733dae86360b4cfec49d95b97e1e7d09,thank you for following anthony_garcia14 ,0.0015017795376479626
226,3896.0,361cb0e8115b2545d5f8143741cf880b60307a75,gg ,0.022410785779356956
227,3902.0,c73d9a4625f9d71ed3b1b0a9826185d94d9a1050,ralliedlmao klerifgg klerifgg ,0.03690871223807335
228,3908.0,cb57bcc6ae874c2f67b49d062dc0739afdb363af,kleriflove kleriflove kleriflove kleriflove kleriflove kleriflove kleriflove kleriflove kleriflove kleriflove ,0.0005176645354367793
229,3909.0,cb57bcc6ae874c2f67b49d062dc0739afdb363af,kleriflove kleriflove kleriflove kleriflove kleriflove kleriflove kleriflove kleriflove kleriflove kleriflove ,0.0005176645354367793
230,3923.0,b92461973ba00f552a27e935b7fb6f80eb7d8b21,bloodtrail poffgg poffgg poffgg poffgg ,0.0692828968167305
231,3924.0,174effc5ed0902203bbc19d4cb1b344487e9bd82,handsome man ,0.004660355392843485
232,3926.0,86d20d89733dae86360b4cfec49d95b97e1e7d09,thank you for following jakerebel34 ,0.0003571779525373131
233,3929.0,c73d9a4625f9d71ed3b1b0a9826185d94d9a1050,kleriflove kleriflove kleriflove ,0.003451391588896513
234,3938.0,9772fcf4cc89bc2452d4efd397cf7e6a9de97ba8,kleriflaser kleriflove klerifgg klerifgg klerifgg klerifgg klerifgg klerifgg klerifgg klerifgg klerifgg klerifgg klerifgg klerifgg ,0.0003684640978462994
235,3938.0,86d20d89733dae86360b4cfec49d95b97e1e7d09,thank you for following peeperr_ ,0.0017325147055089474
236,3943.0,c73d9a4625f9d71ed3b1b0a9826185d94d9a1050,subs ,0.011623979546129704
237,3948.0,cb57bcc6ae874c2f67b49d062dc0739afdb363af,editcom wins wins today: 9 ,0.0002664661151356995
238,3966.0,c73d9a4625f9d71ed3b1b0a9826185d94d9a1050,stella21love stella21love stella21love stella21love ,0.0006100402097217739
239,4002.0,14a2847794ae8afe7d52128748c67d7c7e57b890,wins ,0.00791398249566555
240,4027.0,86d20d89733dae86360b4cfec49d95b97e1e7d09,thank you for following babydillster ,0.0006303844857029617
241,4037.0,86d20d89733dae86360b4cfec49d95b97e1e7d09,babydillster just subscribed with tier 1 ,0.014432557858526707
242,4038.0,174effc5ed0902203bbc19d4cb1b344487e9bd82,uptime ,0.022627411410212517
243,4046.0,c73d9a4625f9d71ed3b1b0a9826185d94d9a1050,kleriflove kleriflove kleriflove kleriflove kleriflove ,0.002601463347673416
244,4061.0,174effc5ed0902203bbc19d4cb1b344487e9bd82,you guna be playing with formal later ,0.0978495180606842
245,4071.0,c73d9a4625f9d71ed3b1b0a9826185d94d9a1050,follow ,0.0007392013212665915
246,4082.0,14d5194150c282a37c9aa3b3629df573ee16b6f8,skrapzsub skrapzsub skrapzsub skrapzsub ,0.17561499774456024
247,4088.0,49e01fb84aa94b5028a7588c2fa69da36a35b3e6,i followed him yesterday ,0.0005539549747481942
248,4099.0,9772fcf4cc89bc2452d4efd397cf7e6a9de97ba8,hey klerify you playing with siimssyy i know him he's a good guy great player too ,0.011833027936518192
249,4109.0,c73d9a4625f9d71ed3b1b0a9826185d94d9a1050,formalv20twisted formalv20lostfull ,0.06043078750371933
250,4112.0,86d20d89733dae86360b4cfec49d95b97e1e7d09,thank you for following beats209 ,0.0009630247368477285
251,4124.0,c73d9a4625f9d71ed3b1b0a9826185d94d9a1050,9772fcf4cc89bc2452d4efd397cf7e6a9de97ba8 facts ,0.000734843488316983
252,4165.0,9772fcf4cc89bc2452d4efd397cf7e6a9de97ba8,yup he's got some good rage too lol ,0.10703253746032715
253,4168.0,c73d9a4625f9d71ed3b1b0a9826185d94d9a1050,he mainly used to play with john sperosspaghet sperosbake ,0.06619863957166672
254,4192.0,9772fcf4cc89bc2452d4efd397cf7e6a9de97ba8,he plays with speros bobby and flux mostly ,0.17155006527900696
255,4200.0,c73d9a4625f9d71ed3b1b0a9826185d94d9a1050,^ exactly ,0.05712716281414032
256,4395.0,c73d9a4625f9d71ed3b1b0a9826185d94d9a1050,sale on ps4's in rivertown today nightm84lit nightm84lit ,0.007878665812313557
257,4414.0,49e01fb84aa94b5028a7588c2fa69da36a35b3e6,lurk ,0.11590835452079773
258,4455.0,9772fcf4cc89bc2452d4efd397cf7e6a9de97ba8,need to get klerify and flux playing together too they would get on great ,0.2262059599161148
259,4568.0,c73d9a4625f9d71ed3b1b0a9826185d94d9a1050,ok kler & gang i'm out for the day here everyone have a great one catch y'all later kleriflove kleriflove ,0.008882434107363224
260,4684.0,49e01fb84aa94b5028a7588c2fa69da36a35b3e6,c73d9a4625f9d71ed3b1b0a9826185d94d9a1050 have a great day fivebyontio2 kleriflove fivebyontio2 ,0.0006486178608611226
261,4719.0,c73d9a4625f9d71ed3b1b0a9826185d94d9a1050,49e01fb84aa94b5028a7588c2fa69da36a35b3e6 u as well kleriflove fivebybye ,0.007956180721521378
262,4798.0,361cb0e8115b2545d5f8143741cf880b60307a75,cheers c73d9a4625f9d71ed3b1b0a9826185d94d9a1050 <3 ,0.001848826534114778
263,4831.0,c73d9a4625f9d71ed3b1b0a9826185d94d9a1050,361cb0e8115b2545d5f8143741cf880b60307a75 poffmyman xletha1muchlove fivebybye ,0.0010625002905726433
264,4840.0,30f0bc7f24c66247150f91861cf8ba6eda5f82d9,cb57bcc6ae874c2f67b49d062dc0739afdb363af how's it feel to be at the top of the black ops page ,0.027148228138685226
265,4851.0,9772fcf4cc89bc2452d4efd397cf7e6a9de97ba8,see ya c73d9a4625f9d71ed3b1b0a9826185d94d9a1050 ,0.0014773029834032059
266,4875.0,c73d9a4625f9d71ed3b1b0a9826185d94d9a1050,9772fcf4cc89bc2452d4efd397cf7e6a9de97ba8 fivebybye kleriflove ,0.0016348976641893387
267,4889.0,86d20d89733dae86360b4cfec49d95b97e1e7d09,thank you for following samw2014 ,0.0003550368419382721
268,4890.0,30f0bc7f24c66247150f91861cf8ba6eda5f82d9,i mean idk what's better the gameplay the content the community or the devilishly good looks of the streamer ,0.40552258491516113
269,4890.0,c73d9a4625f9d71ed3b1b0a9826185d94d9a1050,kleriflove kleriflove kleriflove ,0.003451391588896513
270,4896.0,0e75daadc4f55f330a1f5b5d3afcf6a75f2114e0,formal with the huge host ,0.04082903265953064
271,4897.0,9772fcf4cc89bc2452d4efd397cf7e6a9de97ba8,flux is awesome klerify im a mod in his chat i can hook you up } ,0.0005506621673703194
272,4920.0,dc9235cf54d79f9ca8e13853ea5073e22a6f69ce,why does it look like borderlands ,0.786203920841217
273,4928.0,30f0bc7f24c66247150f91861cf8ba6eda5f82d9,kleriflove kleriflove kleriflove kleriflove kleriflove kleriflove kleriflove kleriflove kleriflove kleriflove kleriflove kleriflove ,0.00018161236948799342
274,4933.0,d2d9d45b31412fc23003ed476af086219efd289c,what's up my guy ,0.2342556267976761
275,4938.0,350075ff33f8b24086187280f00f7505f4c0501e,cb57bcc6ae874c2f67b49d062dc0739afdb363af what's up dude ,0.10612563788890839
276,4968.0,49e01fb84aa94b5028a7588c2fa69da36a35b3e6,350075ff33f8b24086187280f00f7505f4c0501e hey u fivebyontio2 kleriflove ,0.01993704028427601
277,4984.0,9772fcf4cc89bc2452d4efd397cf7e6a9de97ba8,good stuff klerufy klerifgg klerifgg klerifgg klerifgg klerifgg klerifgg klerifgg klerifgg klerifgg klerifgg ,0.0031980210915207863
278,4993.0,350075ff33f8b24086187280f00f7505f4c0501e,well hello there girl exzach1love fivebyontio2 49e01fb84aa94b5028a7588c2fa69da36a35b3e6 ,0.004686026368290186
279,5010.0,49e01fb84aa94b5028a7588c2fa69da36a35b3e6,how are u ,0.11857563257217407
280,5011.0,30f0bc7f24c66247150f91861cf8ba6eda5f82d9,toes ,0.3047926425933838
281,5015.0,30f0bc7f24c66247150f91861cf8ba6eda5f82d9,wtf ,0.9834082126617432
282,5016.0,49e01fb84aa94b5028a7588c2fa69da36a35b3e6,sigh ,0.5328996777534485
283,5018.0,49e01fb84aa94b5028a7588c2fa69da36a35b3e6,i can't get away ,0.1103813499212265
284,5022.0,86d20d89733dae86360b4cfec49d95b97e1e7d09,thank you for following tokns_ ,0.00042318328632973135
285,5026.0,350075ff33f8b24086187280f00f7505f4c0501e,meh i'm alright 49e01fb84aa94b5028a7588c2fa69da36a35b3e6 how are you and your toes ,0.0660548135638237
286,5039.0,59688fe5cac1be5122778ef472827bdc7a685900,49e01fb84aa94b5028a7588c2fa69da36a35b3e6 hey :waving_hand: ,0.0008168848580680788
287,5048.0,49e01fb84aa94b5028a7588c2fa69da36a35b3e6,my toes and i are great thanks 350075ff33f8b24086187280f00f7505f4c0501e ,0.0013927870895713568
288,5059.0,86d20d89733dae86360b4cfec49d95b97e1e7d09,thank you for following rm_armzy1 ,0.0005924411816522479
289,5060.0,49e01fb84aa94b5028a7588c2fa69da36a35b3e6,59688fe5cac1be5122778ef472827bdc7a685900 hi bump fivebyontio2 kleriflove ,0.0010181042598560452
290,5062.0,350075ff33f8b24086187280f00f7505f4c0501e,lmaooo that's good to hear haha 49e01fb84aa94b5028a7588c2fa69da36a35b3e6 ,0.0029205780010670424
291,5069.0,49e01fb84aa94b5028a7588c2fa69da36a35b3e6,lul ,0.003232704009860754
292,5075.0,377e0fd648af4429884d67e09097c2a1baade9a6,woulda joined but gotta work soon ,0.2009751796722412
293,5077.0,7a19ca9c644a86ffcfbe70ebc9f6bdbbb5ee3ea5,sens ,0.020953720435500145
294,5083.0,350075ff33f8b24086187280f00f7505f4c0501e,30f0bc7f24c66247150f91861cf8ba6eda5f82d9 what's up homie ,0.019580109044909477
295,5104.0,49e01fb84aa94b5028a7588c2fa69da36a35b3e6,cb57bcc6ae874c2f67b49d062dc0739afdb363af what's happening ,0.008155757561326027
296,5118.0,d2d9d45b31412fc23003ed476af086219efd289c,homie came in ready to blast lolol ,0.017118776217103004
297,5129.0,2d146636b489cbf698fa1d7bc8a75da6734aadc1,#thats his go to move also ,0.10167846083641052
298,5134.0,48a51cc2fcff626690e3c44ab4975e6f1fc3ffdf,about to play my first game of blackout any tips ,0.10607974231243134
299,5137.0,30f0bc7f24c66247150f91861cf8ba6eda5f82d9,49e01fb84aa94b5028a7588c2fa69da36a35b3e6 stop showing up to my spots then acting like “you can't get away” ,0.2466786652803421
300,5143.0,59688fe5cac1be5122778ef472827bdc7a685900,cb57bcc6ae874c2f67b49d062dc0739afdb363af hey man how u doing today ,0.00111469067633152
301,5145.0,30f0bc7f24c66247150f91861cf8ba6eda5f82d9,what's good 350075ff33f8b24086187280f00f7505f4c0501e ,0.0027297453489154577
302,5160.0,377e0fd648af4429884d67e09097c2a1baade9a6,join up and see if still doin it ,0.14832761883735657
303,5164.0,49e01fb84aa94b5028a7588c2fa69da36a35b3e6,30f0bc7f24c66247150f91861cf8ba6eda5f82d9 dougtilt u wanna fight ,0.21983017027378082
304,5169.0,350075ff33f8b24086187280f00f7505f4c0501e,not the morning but it'll be alright how are you 30f0bc7f24c66247150f91861cf8ba6eda5f82d9 ,0.041806191205978394
305,5180.0,350075ff33f8b24086187280f00f7505f4c0501e,49e01fb84aa94b5028a7588c2fa69da36a35b3e6 woah chilll ,0.0044876462779939175
306,5187.0,377e0fd648af4429884d67e09097c2a1baade9a6,lol ,0.014838529750704765
307,5217.0,59688fe5cac1be5122778ef472827bdc7a685900,cb57bcc6ae874c2f67b49d062dc0739afdb363af really good to hear ur laugh makes my day better every time ,0.00028613689937628806
308,5219.0,49e01fb84aa94b5028a7588c2fa69da36a35b3e6,350075ff33f8b24086187280f00f7505f4c0501e i'm good lul ,0.0015312841860577464
309,5234.0,350075ff33f8b24086187280f00f7505f4c0501e,i think you could take him though lul 49e01fb84aa94b5028a7588c2fa69da36a35b3e6 ,0.01211459469050169
310,5238.0,30f0bc7f24c66247150f91861cf8ba6eda5f82d9,49e01fb84aa94b5028a7588c2fa69da36a35b3e6 i'm just gonna say if you see me fighting a bear you better jump in and help the bear ,0.07591817528009415
311,5257.0,6204e83706aae2bf469810e60a4624f206be7361,ask rallied ,0.05335315316915512
312,5258.0,49e01fb84aa94b5028a7588c2fa69da36a35b3e6,30f0bc7f24c66247150f91861cf8ba6eda5f82d9 u reminded me of mystikal ,0.0065839034505188465
313,5274.0,6204e83706aae2bf469810e60a4624f206be7361,ahhh ,0.029265452176332474
314,5281.0,30f0bc7f24c66247150f91861cf8ba6eda5f82d9,350075ff33f8b24086187280f00f7505f4c0501e if i woke up half the man you are i'd be over the moon you the goat homie keep your head up ,0.09883666783571243
315,5299.0,350075ff33f8b24086187280f00f7505f4c0501e,lol the gas i appreciate it bro 30f0bc7f24c66247150f91861cf8ba6eda5f82d9 ,0.0011873289477080107
316,5305.0,30f0bc7f24c66247150f91861cf8ba6eda5f82d9,49e01fb84aa94b5028a7588c2fa69da36a35b3e6 you said that wrong mystikal reminds you of me ,0.12356583029031754
317,5311.0,6204e83706aae2bf469810e60a4624f206be7361,hop off and come backkk refreshed ,0.38551729917526245
318,5318.0,6204e83706aae2bf469810e60a4624f206be7361,klerifgg klerifgg klerifgg ,0.0063398745842278
319,5324.0,49e01fb84aa94b5028a7588c2fa69da36a35b3e6,30f0bc7f24c66247150f91861cf8ba6eda5f82d9 dougtilt ,0.010034037753939629
320,5336.0,49e01fb84aa94b5028a7588c2fa69da36a35b3e6,klerbear is gonna sleep ,0.10787158459424973
321,5348.0,377e0fd648af4429884d67e09097c2a1baade9a6,ggs bro catch you next time ,0.07248856127262115
322,5359.0,c9032a20f53523872cf7c6b86df86fdb342aacc3,cb57bcc6ae874c2f67b49d062dc0739afdb363af yardieboii ,0.0033170809037983418
323,5362.0,2d146636b489cbf698fa1d7bc8a75da6734aadc1,great stream kler bear see you tomorrow ,0.0011086881859228015
324,5366.0,6204e83706aae2bf469810e60a4624f206be7361,papa lethal ,0.07659874856472015
325,5369.0,c9032a20f53523872cf7c6b86df86fdb342aacc3,:d ,0.017175182700157166
326,5391.0,5b9b3dd46f42ee1c74c9b675c15dcab234898e3b,kler my g ,0.32247257232666016
327,5398.0,350075ff33f8b24086187280f00f7505f4c0501e,hit afootlongchub with a host cb57bcc6ae874c2f67b49d062dc0739afdb363af he would freak out for sure ,0.013527833856642246
328,5405.0,2d146636b489cbf698fa1d7bc8a75da6734aadc1,kler bear going into hibernation mode ,0.3075403571128845
329,5407.0,6204e83706aae2bf469810e60a4624f206be7361,love you kler ,0.0012804728467017412
330,5407.0,361cb0e8115b2545d5f8143741cf880b60307a75,sweet dreams cb57bcc6ae874c2f67b49d062dc0739afdb363af <3 cya tomorrow ,0.0005878300871700048
331,5422.0,54844f145577fee11e0da18cecd593adda63ac68,have a great day cb57bcc6ae874c2f67b49d062dc0739afdb363af ,0.0018797985976561904
332,5422.0,5b9b3dd46f42ee1c74c9b675c15dcab234898e3b,i fucken love you back ,0.05654522031545639
333,5425.0,c9032a20f53523872cf7c6b86df86fdb342aacc3,cb57bcc6ae874c2f67b49d062dc0739afdb363af hmmm yardieboiii ,0.00936104916036129
334,5425.0,ae2e036e31848ba8dacb888d76055d214e0a0c90,before you leave was a pleasure playing my mans hmu on twitter if you wanna play again :) 002d9fe3dbca2c17b46f4a505e27660166137076 ,0.0033202855847775936
335,5435.0,49e01fb84aa94b5028a7588c2fa69da36a35b3e6,have a good sleep bud ,0.014932219870388508
336,5438.0,30f0bc7f24c66247150f91861cf8ba6eda5f82d9,cb57bcc6ae874c2f67b49d062dc0739afdb363af if you want a laugh watch the video “spooby” by t rex ,0.004689187742769718
337,5440.0,49e01fb84aa94b5028a7588c2fa69da36a35b3e6,kleriflove kleriflove kleriflove kleriflove ,0.005174159072339535
338,5456.0,361cb0e8115b2545d5f8143741cf880b60307a75,nativeamericann is streaming ,0.025940364226698875
339,5462.0,30f0bc7f24c66247150f91861cf8ba6eda5f82d9,cb57bcc6ae874c2f67b49d062dc0739afdb363af i've never laughed so hard in my life i wouldn't watch it on stream tho ,0.04981417953968048
340,5470.0,6204e83706aae2bf469810e60a4624f206be7361,random ,0.27044129371643066
341,5480.0,30f0bc7f24c66247150f91861cf8ba6eda5f82d9,have a good sheep cb57bcc6ae874c2f67b49d062dc0739afdb363af ,0.008908047340810299
342,5495.0,ccb657932546eb5a4d775ef9f696858faa7d70bf,tourvatekashi69 tourvatekashi69 tourvatekashi69 ,0.00010055209713755175
343,5502.0,ccb657932546eb5a4d775ef9f696858faa7d70bf,tourvanahh ,0.01218630000948906
344,5509.0,361cb0e8115b2545d5f8143741cf880b60307a75,bleh ,0.7154068350791931
345,5519.0,798c0964080df65bbfacf3c7dc64b493a5803ab9,randooo ,0.014588003978133202
346,5526.0,361cb0e8115b2545d5f8143741cf880b60307a75,host nativeamericann cb57bcc6ae874c2f67b49d062dc0739afdb363af she would not know what hit her ,0.06279539316892624
347,5529.0,6204e83706aae2bf469810e60a4624f206be7361,klerifyclutch kleriflove kleriflove kleriflove kleriflove kleriflove kleriflove kleriflove kleriflove ,0.0007845676154829562
348,5531.0,881a1bceb20c9266ae0ce6a6d95a3c3bd4ab1f0d,cb57bcc6ae874c2f67b49d062dc0739afdb363af my guy what's up ,0.011654960922896862
349,5536.0,6204e83706aae2bf469810e60a4624f206be7361,yes random ,0.09553311765193939
350,5538.0,e34bbde14a63c3e5693639f6503475dd32757b5e,yo ,0.009576607495546341
351,5543.0,e34bbde14a63c3e5693639f6503475dd32757b5e,sup ,0.059449341148138046
352,5553.0,361cb0e8115b2545d5f8143741cf880b60307a75,host nativeamericann cb57bcc6ae874c2f67b49d062dc0739afdb363af she would not know what hit her ,0.06279539316892624
353,5554.0,350075ff33f8b24086187280f00f7505f4c0501e,afootlongchub would really freak out bro cb57bcc6ae874c2f67b49d062dc0739afdb363af ,0.21060246229171753
354,5561.0,881a1bceb20c9266ae0ce6a6d95a3c3bd4ab1f0d,you getting off noooooo ,0.8290640711784363
355,5562.0,798c0964080df65bbfacf3c7dc64b493a5803ab9,random hahah ,0.023490145802497864
356,5563.0,361cb0e8115b2545d5f8143741cf880b60307a75,nativeamericann ,0.016553210094571114
357,5563.0,174effc5ed0902203bbc19d4cb1b344487e9bd82,apathy ,0.5931993126869202
358,5567.0,6204e83706aae2bf469810e60a4624f206be7361,beespeed ,0.014416609890758991
359,5570.0,30f0bc7f24c66247150f91861cf8ba6eda5f82d9,afootlongchub ,0.009140092879533768
360,5577.0,2d146636b489cbf698fa1d7bc8a75da6734aadc1,i couldn't find anybody that's on ,0.43722981214523315
361,5580.0,350075ff33f8b24086187280f00f7505f4c0501e,afootlongchub ,0.009140092879533768
362,5584.0,6204e83706aae2bf469810e60a4624f206be7361,beespeed99 ,0.002594334539026022
363,5594.0,361cb0e8115b2545d5f8143741cf880b60307a75,somebody you don't know ,0.10016174614429474
364,5595.0,e34bbde14a63c3e5693639f6503475dd32757b5e,i'm live aha haaaa ,0.017053157091140747
365,5597.0,e34bbde14a63c3e5693639f6503475dd32757b5e,jus sayin ,0.02720699831843376
366,5599.0,e34bbde14a63c3e5693639f6503475dd32757b5e,aha haaa ,0.09913913160562515
367,5613.0,798c0964080df65bbfacf3c7dc64b493a5803ab9,decisions ,0.002990485867485404
368,5626.0,350075ff33f8b24086187280f00f7505f4c0501e,you'd leave him speechless cb57bcc6ae874c2f67b49d062dc0739afdb363af ,0.3518246114253998
369,5626.0,2d146636b489cbf698fa1d7bc8a75da6734aadc1,^ ,0.029009604826569557
370,5628.0,361cb0e8115b2545d5f8143741cf880b60307a75,reaperreapz ,0.8592824339866638
371,5631.0,174effc5ed0902203bbc19d4cb1b344487e9bd82,flip a coin lol ,0.03515193238854408
372,5643.0,361cb0e8115b2545d5f8143741cf880b60307a75,e34bbde14a63c3e5693639f6503475dd32757b5e is online ; ,0.001321815769188106
373,5644.0,6204e83706aae2bf469810e60a4624f206be7361,lul lul lul ,0.00371940596960485
374,5645.0,350075ff33f8b24086187280f00f7505f4c0501e,let's goooo ,0.010167429223656654
375,5647.0,e34bbde14a63c3e5693639f6503475dd32757b5e,hahaha ,0.01578509621322155
376,5649.0,e34bbde14a63c3e5693639f6503475dd32757b5e,mee ,0.02004336379468441
377,5653.0,6204e83706aae2bf469810e60a4624f206be7361,that name lol ,0.021852614358067513
378,5654.0,30f0bc7f24c66247150f91861cf8ba6eda5f82d9,flip a coin heads it's a foot long tails it's a chub ,0.3553583025932312
379,5656.0,e34bbde14a63c3e5693639f6503475dd32757b5e,fuck ,0.9390739798545837
380,5658.0,350075ff33f8b24086187280f00f7505f4c0501e,he is great people lol ,0.0037731153424829245
381,5664.0,798c0964080df65bbfacf3c7dc64b493a5803ab9,ggs have a good night brotha you the goat ,0.050597213208675385
382,5672.0,6204e83706aae2bf469810e60a4624f206be7361,do chub lol ,0.6316419839859009
383,5676.0,361cb0e8115b2545d5f8143741cf880b60307a75,rarezy is online ,0.0978362113237381
384,5676.0,350075ff33f8b24086187280f00f7505f4c0501e,do chub ,0.9709043502807617
385,5678.0,e34bbde14a63c3e5693639f6503475dd32757b5e,been live 10 hours ,0.04307596758008003
386,5681.0,e34bbde14a63c3e5693639f6503475dd32757b5e,aha haa ,0.03623173013329506
387,5685.0,361cb0e8115b2545d5f8143741cf880b60307a75,noooooooooo not chub ,0.8977510929107666
388,5687.0,174effc5ed0902203bbc19d4cb1b344487e9bd82,close your eyes and click a random lol ,0.08453584462404251
389,5691.0,30f0bc7f24c66247150f91861cf8ba6eda5f82d9,do a chub ,0.9954057931900024
390,5719.0,361cb0e8115b2545d5f8143741cf880b60307a75,and that was the host ; ,0.10460887849330902
391,5729.0,86d20d89733dae86360b4cfec49d95b97e1e7d09,thank you for following im_just_tw ,0.00040727885789237916
